id,name,address,email
1,Jessica Gonzalez,"4244 Hoffman Corners
East John, FL 53693",xeverett@smith-allen.com
2,Anne Ellis,"21126 Kennedy Courts Suite 069
Haleshire, MO 43109",abutler@gmail.com
3,Lawrence Barnett,"019 Mcguire Stravenue
East Timothy, DE 16129",lindseyjason@mccoy.info
4,Larry Romero,"4907 Colleen Courts
Thompsonmouth, SD 42512",danielle75@cline.com
5,Shelby Berry,"00331 Lisa Crescent
West Jamesmouth, OH 46022",dolson@knapp-harper.org
6,Denise Li,"91855 Ball Trail
New Mackenziefort, AR 59247",kristen00@yahoo.com
7,Mrs. Lisa Forbes,"995 Webb Forge
West John, NV 93706",davisbonnie@gmail.com
8,Dr. Matthew White,"796 Hamilton Via Suite 889
South John, MI 45525",matthew05@weber.com
9,James Gay,"7791 James Trail
Lake Dianestad, WY 97252",blackwendy@terry-lang.com
10,Donna Sutton,"8996 Daniel Points
Nicholasland, WI 07325",andrew45@lane-walters.net
11,Pamela Lyons,"PSC 9606, Box 3474
APO AA 40816",daniellestephens@williams.org
12,Angela Olson,"24009 Jason View Apt. 081
South Marvin, MO 64142",lisaharmon@gmail.com
13,Frances Jones,"9565 Emily Canyon Apt. 076
Mariachester, TX 30759",chunt@miller.biz
14,Eric Butler,"859 Harmon Well
Port Felicia, NY 68459",barberglen@romero-fitzgerald.com
15,Mary Middleton,"97651 Russell Trafficway
North Ricardo, MO 70566",jamesramos@gmail.com
16,Kaylee Clements,"0394 Costa Light
Angelaton, CO 04091",taylorteresa@combs.com
17,Sherry Estrada,"5916 Ray Pine
Amandaville, NJ 37238",derrickparker@ford.com
18,Natalie Aguilar,"0979 Vincent Extension Suite 261
Moraleshaven, WA 90710",johncole@mueller-garrett.com
19,Dale Becker,"391 Murray Trail Apt. 199
Port Jennamouth, NM 45750",aramos@hotmail.com
20,Carrie Cabrera,"619 Patton Unions
West Amy, WV 02701",patriciaflores@yahoo.com
21,Emily Krause,"958 Hunter Shoal
Petersberg, OR 63984",daniellemiller@yahoo.com
22,Hannah Baker,"15121 Wilson Hollow
Antoniohaven, WY 91503",kochlinda@yahoo.com
23,Monica Morrison,"933 Regina Rapids
Markland, TX 86647",iking@yahoo.com
24,Jonathan Dunlap,"0976 Brown Ramp
Wongport, MI 81368",williamhayes@ford.com
25,Michael Smith,"3486 Hughes Locks Suite 896
Cynthiaberg, MN 44310",martinezmichael@anderson-dillon.info
26,Amber Alexander,"4548 Olivia Groves
North Taylorberg, CO 15701",icraig@yahoo.com
27,Nathan Peters,"61610 Thomas Flats Suite 056
Saraberg, FL 08559",floresjessica@hotmail.com
28,Anthony Hickman,"841 Aaron Station
West Rebekah, KS 02285",qcrawford@yang.biz
29,Jason Walker,"2513 Trujillo Parks Suite 024
Meyerberg, RI 66338",lunajohn@hotmail.com
30,Amanda Ferguson,"69557 Donna Points
Humphreyberg, CA 82793",jtate@gmail.com
31,Sabrina Benson,"1961 Nicholas Squares Apt. 567
Kathleenfort, WV 69699",langrichard@daniel.biz
32,April Mcdaniel,"08498 Aguirre Brooks Suite 029
Mackenziemouth, MN 10062",jessegonzalez@hotmail.com
33,Brenda Mccoy,"4322 Ortiz Vista Suite 110
Houstonside, ME 58883",oramos@montgomery-rivers.net
34,Anna Shaffer,"8682 Paul Hollow Suite 060
Cathyside, MT 98339",humphreydebra@hotmail.com
35,Tyler Sutton,"4827 Ayala Throughway
Martinville, OK 20317",carolcarroll@hotmail.com
36,Herbert Gonzalez,"56591 Vargas Extensions
Carlsonchester, NJ 41935",timothy76@gmail.com
37,Jenna Thornton,"36013 Ramos Ridges
Port Brian, VA 42136",mariahbuchanan@hernandez.com
38,Craig Decker,"893 Jennifer Extensions Suite 396
Williamsport, NE 92312",rsmith@gmail.com
39,Karen Byrd,"283 Tiffany Flat Suite 361
Davidland, SC 87151",madison43@hotmail.com
40,Patrick Cherry,"627 Santiago Crossroad
East Joytown, TX 36302",reyeskristi@brennan.net
41,Matthew Briggs,"77981 Heather Manor Suite 600
New Rachaelburgh, GA 15446",nstevens@miller.com
42,Allen Hughes,"02307 Powell Island
North Aaron, NC 29808",jennifer31@hammond.com
43,Mary Arnold,"Unit 2742 Box 4041
DPO AP 61439",ayates@gmail.com
44,Jennifer Cook,"76719 Dean Rue
North Darrell, WY 91712",thomashenderson@gmail.com
45,Michael Kelly,"97989 Natalie Mills
East Karenfurt, WA 04966",amandaguzman@mosley.com
46,Jordan Perez,"858 Keith Vista Suite 984
Victorberg, HI 91159",carljohnson@hotmail.com
47,Kimberly Roberson,"6154 Francis Prairie Suite 392
Kimberlyfurt, AK 03926",ricky29@hotmail.com
48,Stephanie Martin,"18958 Mckay Camp Apt. 966
East Amberhaven, DE 68559",xboyle@yahoo.com
49,Kenneth Moore,"741 Melissa Unions Apt. 965
New Donna, RI 12956",pattersonkevin@gmail.com
50,Billy Jones,"37592 Jacqueline Row
South Rachel, RI 99809",rosesteven@gmail.com
51,Cheryl Mccoy,"510 Lucero Mountain Apt. 094
New Mckenzie, SD 71793",yflores@campbell-levine.org
52,Haley Hoffman,"7243 Gomez Grove
Mccormickview, WI 34039",pollardmeghan@yahoo.com
53,Michael Johnson,"823 Rodriguez Light Suite 274
West Charles, NC 54655",edward85@tapia.com
54,Brian Owen,"32549 Karen Creek
Baileychester, SC 67716",nmathews@newman-osborne.com
55,Nathan Bray,"135 Clark Square
Andersonbury, KY 77813",sfoster@gmail.com
56,Pamela Hart,"30594 Todd Locks
Davisville, NE 50097",taylorpatricia@vargas.biz
57,Daniel Nash,"PSC 9848, Box 3972
APO AA 25147",jeff01@paul-mendez.info
58,Ashley Burke,"USNV Campbell
FPO AP 30714",browntravis@ayers-martinez.com
59,Michael Carroll,"53714 Flores Crossroad
Ryanstad, CA 01434",higginsdouglas@rojas.org
60,Gloria Bautista,"547 Barry Street Apt. 788
South Mitchellport, MS 73364",williamskrystal@gmail.com
61,Jamie Johnson,"50247 Davis Vista Apt. 385
East Kimberly, KY 85540",judithmoore@kennedy.biz
62,Gregory Bentley,"3424 Scott Grove
Jennifershire, OH 35813",emclean@gmail.com
63,Mark Peck,"64043 Timothy Pike Apt. 374
North Brandybury, IA 20071",silvaadrian@hotmail.com
64,Jason Chapman,"195 Allen Brook Suite 511
South Christopher, MS 04198",ewinglauren@yahoo.com
65,James Goodwin,"334 Johnson Hollow Apt. 008
West Vickie, KS 63487",robert20@hotmail.com
66,Lindsay Nelson,"USNV Andersen
FPO AP 80137",smithjason@davis.info
67,James Wiley,"14365 Dennis Street Apt. 088
West Dustin, GA 41503",wvalenzuela@rios.net
68,Caitlin Wade,"33870 Wilson Corner
South Laura, SD 27725",cooperbrian@hotmail.com
69,Charles Ortiz,"21907 Miller Mountains
Riverachester, PA 23446",hernandezbenjamin@yahoo.com
70,Mary Nichols,"61591 Andrew Trafficway
Jenniferhaven, OR 01647",deborahcalderon@krause.info
71,Grant Patel,"432 Jenkins Forest
Lake Jordantown, OH 99871",gbrady@yahoo.com
72,William Morrison,"4982 Meyers Corners Suite 141
Steventon, CO 19940",brian43@hotmail.com
73,Amy Farmer,"16633 Sharon Roads Suite 248
Thomasmouth, NC 44534",hendersonmichelle@gmail.com
74,Peter Taylor,"193 Horn Skyway Apt. 207
Coxborough, UT 77406",qrichards@clark-hoffman.com
75,Michelle Hancock,"75048 Donaldson Trail Apt. 527
Lambertport, DC 98860",michael25@rasmussen-montoya.com
76,Stephen Mccormick,"0014 Kennedy Land Apt. 837
Hallland, ME 10461",hartjames@carr-barr.com
77,Mitchell Brown,"66100 Gavin Overpass
Mariastad, IN 68836",tinadaniels@yahoo.com
78,Sarah Collier,"90408 Diaz Dale
North Jermaineborough, AK 81281",david80@hotmail.com
79,Kelly Hardy,"5492 Smith Ville Suite 136
North Sylviaport, MN 30894",adrian41@smith-harris.com
80,Jorge Garrett,"978 Ford Turnpike Suite 523
South Judybury, OR 52253",santiagomarc@perez.biz
81,Jacob Rowe,"2683 David Squares Suite 787
Ricechester, MD 94739",brandon31@nguyen.com
82,Tracy Frank,"9941 Cassie Mission
New Taraview, NM 74129",waredonald@miller.com
83,Jessica Jones,"774 Justin Wells
South Jason, FL 76948",nicoledougherty@hotmail.com
84,Dylan Bond,"664 Miller Rapid
Hernandezview, RI 11326",hendersonsamantha@mccormick-terry.com
85,Dr. Katie Lynch PhD,"039 Emily Greens
Lake Williambury, VT 67934",mdavis@hotmail.com
86,Joshua Anderson,"Unit 7632 Box 6839
DPO AP 16476",rogersbrian@hotmail.com
87,Kevin Wheeler,"139 Alexis Trail Apt. 688
Goodwinmouth, MT 10693",gregory45@ingram-macdonald.com
88,Heather Dunn,"94824 Turner Mountain Apt. 693
East Kenneth, KS 00769",ballardheidi@simpson.com
89,Haley Morris,"49023 Rose Hollow Apt. 023
Claudiachester, AL 44840",david33@gmail.com
90,Andrew Pace,"366 Carey Forges
Timothyberg, AK 55499",cookjack@livingston.com
91,Derrick Page,"USS Davis
FPO AA 91835",jasonwheeler@cain.com
92,Patricia Rodriguez,"297 John Harbors Suite 364
West Ashley, WA 27969",gillespiesean@yahoo.com
93,Melissa Mendoza,"1022 Briana Island Suite 810
Heatherland, CO 82472",stephenbrown@ryan-jones.com
94,Andrew Beard,"43112 Shirley Field Suite 256
Wardbury, DE 84563",jacquelinecompton@gmail.com
95,Linda Morgan,"482 Victor Light
New Keithborough, RI 16436",harrisondonald@yahoo.com
96,Felicia Burns,"426 Scott Shores Apt. 939
Port Megan, KY 04694",craig36@gmail.com
97,Leslie Orozco,"32550 Travis Points Suite 356
Christinehaven, GA 62666",ubrown@johnson.biz
98,Amanda Moreno,"9617 Robinson Islands
Racheltown, VA 35510",qadams@hotmail.com
99,Heidi Peck,"19120 Flowers Rapids Suite 077
New Joshua, KS 02391",robertjohnson@perkins.com
100,David Le,"3978 Anne Bypass Apt. 741
Crystaltown, AK 57731",scottbryan@yahoo.com
101,Dana Hall,"7456 Frank Parks Apt. 020
New Patriciaborough, MO 93228",jennifercardenas@yahoo.com
102,Stephanie Schroeder,"92257 Nicole Mission
South Jamesstad, OR 81084",zalvarez@hotmail.com
103,Judy Olsen,"15050 Ruiz Dam Apt. 218
Port Jill, IN 53552",cynthiawalker@spencer.com
104,Donald Chen,"Unit 5283 Box 4403
DPO AE 75566",brownjohn@hotmail.com
105,Mary Williams,"79507 Carmen Rapids
West Brett, NM 72652",chaveztaylor@hotmail.com
106,Thomas Peterson,"245 Moreno Shore Suite 395
Lake Patricia, MD 03095",elizabethmeyers@gmail.com
107,Mrs. Kimberly Carter,"44550 Beck Summit Suite 765
East Amy, OR 34870",rodriguezroger@rodriguez.com
108,Andrew Ramos,"61760 Micheal Square Apt. 895
Lake Lindsay, PA 55448",chanvictoria@coleman.com
109,Sara Cook,"5627 Phillips Harbor
East Donna, NV 19255",ewolfe@williams-robles.org
110,Mathew Richardson,"9557 Charles Springs
North Troyport, MT 92662",charlesclark@lewis.com
111,Alex Riggs,"747 Tamara Brooks Suite 275
Port Richard, OR 53111",cynthiafaulkner@hotmail.com
112,Russell Myers,"105 Brooks Canyon Suite 071
Kimburgh, TX 24209",donna51@bernard-harris.com
113,Samuel Johnson,"10188 Jones Prairie Apt. 449
Lake Rhondaborough, DE 39376",justinhutchinson@nguyen-smith.org
114,Christina Howell,"586 Brian Islands
Shelbychester, GA 62256",jennifer79@edwards.com
115,Beth Hawkins,"26601 Levi Glens Suite 611
Mannville, WV 86105",ngonzales@anderson.com
116,Victor Castro,"09792 Derrick Mills Suite 478
Johnsonborough, MI 22336",evega@smith.biz
117,Angel Young,"USS Alexander
FPO AE 60682",jeremythomas@gmail.com
118,Valerie Knight,"271 Young Fields
Port Kristyview, OK 85596",nicholasrussell@adams-johnson.com
119,Sean Dunn,"738 Thomas Divide
Edwardburgh, WI 84636",nchambers@jones.com
120,Mrs. Mary Monroe,"1340 Michael Vista Apt. 236
Lake Michelle, MI 26699",michellemurray@rogers.com
121,Michael Williams,"6036 Clayton Haven
North Jacob, KS 60645",daniel40@nunez-walker.com
122,David Bird,"9206 Stewart Meadows
Wagnerborough, OH 56650",tyler97@moreno-mckinney.com
123,Edwin Powell,"43657 Ellis Knolls Apt. 726
Curtistown, DC 71059",samuel65@yahoo.com
124,Brent Adams,"44469 Tammie Street
South Erik, AZ 02588",tommydavis@hotmail.com
125,Gregory Peterson,"594 Matthew Garden
East Michael, OK 61431",walkermaria@kirk.com
126,Rickey Potter,"PSC 9723, Box 9214
APO AP 71515",kristina24@french-dickson.com
127,Jonathan Shaffer,"843 Sharon Mountain
East Brian, MA 57079",teresa91@watson.com
128,Katherine Johnson,"320 Flores Drive Apt. 385
South Elizabethport, MO 25971",kbowman@gmail.com
129,Samantha Fleming,"304 Obrien Light Apt. 552
East Antonio, GA 13455",rcole@banks.com
130,Adrian Pruitt,"59176 Grace Dam Apt. 801
Williamville, GA 59850",colonsherri@gmail.com
131,Jessica Reyes,"54235 Samantha Trace
South Howardview, AZ 12065",wallacemary@gmail.com
132,Michael Barrett,"15378 Jennifer Lodge
Jesusborough, NM 39969",corey15@brown-nelson.com
133,Julie Gutierrez,"92269 Lori Ramp
North William, AR 51745",lawrence93@gmail.com
134,Sandra Palmer,"91382 Michael Burg Apt. 988
New Susan, AL 75329",jay74@hotmail.com
135,James Vega,"8078 Michael Dam Suite 388
West Samuel, MS 19548",tracy03@yahoo.com
136,Matthew Wagner,"857 Jennifer Lakes Suite 117
Blairville, AZ 70128",carlos40@aguilar.info
137,Nicole Hernandez,"6330 Morgan Path Apt. 005
New Angel, VA 73009",lovemelissa@gmail.com
138,Shannon Baker,"817 Welch Passage
Brandonstad, KY 28327",zpayne@hardy.com
139,Julian Johnson MD,"53223 Forbes Bridge Apt. 622
Jenniferfurt, VT 46948",joseph00@gmail.com
140,Andrew Coleman,"776 Ross Port Apt. 314
New Adam, ND 74952",christopher85@hotmail.com
141,Margaret Garcia,"1946 Nguyen Hollow
South Paulburgh, DC 00942",donald43@campos-jackson.com
142,Linda Contreras,"09513 Young Junction Apt. 453
Bradyberg, NH 04515",owenschristopher@miller.org
143,Mr. John Mora,"USCGC Morales
FPO AP 38392",kristyflowers@yahoo.com
144,Savannah Robinson,"60087 Cobb Place Suite 222
North Susan, FL 17677",joseph34@jones.info
145,Frank Erickson,"72984 David River
Williamtown, MO 96197",kendra85@griffith.com
146,Joseph Miller,"29395 Mclaughlin Lakes
New Jose, FL 84750",michelle21@burton-williams.com
147,Laura Callahan,"3484 Joshua Corner Suite 060
West Paul, AL 94805",mbarajas@ramsey-owens.com
148,Carla Wolf,"177 Ford Ramp Apt. 882
Brucemouth, LA 59512",naustin@holt-barrett.info
149,Vincent Simon,"USS Henderson
FPO AE 71989",xfreeman@hotmail.com
150,Stephen Holland,"43032 James Center
Mileston, MD 53628",hbowers@ray.com
151,Sheila Randolph,"690 Brown Radial
Jordanmouth, AZ 18440",suzannedecker@yahoo.com
152,Brandon Butler,"78689 Scott Passage
North Emilyville, ID 37002",williambates@campos-lewis.com
153,Brandon Yang,"817 Ian Squares Apt. 923
West Bethborough, VA 45118",james42@robinson.net
154,Tammy Ayala,"372 Adams Trace
Brownland, AR 74526",jtanner@hudson-montgomery.com
155,Jeffrey Ward MD,"5855 Rodriguez Hollow
New William, IN 73670",pateljenny@yahoo.com
156,Todd Lawson,"820 Reed Gateway Apt. 151
Port John, KY 23203",pamelacombs@fuller-todd.com
157,George Thompson,"2069 Reed Harbor
Port Brendashire, HI 09458",anthony75@vaughn.com
158,Gavin Ewing,"8766 Nicholas Causeway
Ryanhaven, IL 88025",kelleyangela@yahoo.com
159,Douglas Mitchell,"9380 Gomez Plaza
Jonathantown, SC 76586",zwhite@mcdonald.info
160,Megan Boyd,"972 Woods Path Suite 818
Morrisonmouth, TX 30164",lhill@hotmail.com
161,Joseph Jordan,"1576 Kennedy Lodge Suite 614
North Matthew, NC 29790",perezbreanna@williams.com
162,Caitlin Bryant,"514 Warren Spurs
North Shawna, WV 52994",rreynolds@brooks-erickson.com
163,Heather Cruz,"7975 Taylor Glen
Greenchester, WA 47955",james37@yahoo.com
164,Kayla Jones,"109 Holmes Port
Thomasbury, TX 33436",clinekim@yahoo.com
165,Heather Gould,"598 Christina Locks
Lake Jameschester, TX 93007",joannenguyen@yahoo.com
166,Chloe Duncan,"636 Philip Road
Peterfurt, PA 07799",wilsonjonathan@james-henson.com
167,Melissa Goodwin,"3290 Michael Fort Apt. 726
Heidiberg, AR 85049",melissa95@gmail.com
168,Heidi Allen,"11896 Wilson Motorway
South Kristy, AZ 31202",owashington@gmail.com
169,Melissa Day,"95512 Stone Islands
New Ryan, OR 19806",dbradford@hotmail.com
170,Eugene Ray,"5667 Russell Cliff Suite 502
Port Scott, LA 32590",jasonwood@jenkins-williams.com
171,Adam Cook,"7991 Wright Fort Apt. 303
Lake Justin, OR 72205",benjamin78@gmail.com
172,April Hall,"8025 Caroline Inlet Suite 254
Lake Anthony, VT 24626",martinkristin@yahoo.com
173,Daniel Cameron,"901 Peterson Mountains Apt. 371
West Steven, CT 37760",qmurray@campbell-vincent.info
174,Stephen Mendez,"3523 Bennett Green Suite 192
Hartmanfort, LA 03703",zjohnson@davis.com
175,Stephen Schroeder,"7168 Jade River
Angelastad, UT 54129",katelyn96@yahoo.com
176,James Hansen,"22193 Kelly Prairie Suite 354
New Bobby, CA 36696",lauravega@hotmail.com
177,Charles Bryan,"07206 Turner River Apt. 021
Phillipston, OR 49909",wilsonreginald@cooley.org
178,Brett Ramsey,"5134 Cook Pines Apt. 584
New Margaret, ME 94056",imoran@yahoo.com
179,Todd Richmond,"7713 Kathleen Terrace Suite 307
Richardsonside, VA 94066",kimberlyramirez@ferguson.com
180,Jennifer Cole,"65886 James Squares Apt. 202
Jacksonhaven, ME 35749",dchan@merritt-johnson.com
181,Ryan Schmidt,"USCGC Glass
FPO AP 07638",mallen@drake.net
182,Julie Lester,"16550 Brown Point Apt. 474
West Davidberg, OR 36675",chasepatricia@yahoo.com
183,Ashley Benjamin,"430 Gabriela View
South Juan, RI 49733",alexander88@barber.net
184,Denise Diaz,"87057 Nancy Stravenue
Petersonchester, NH 19126",danielburns@santiago.net
185,Rachel Johnson,"45338 Taylor Loop Suite 187
Kennethville, IA 73093",jonathan07@yahoo.com
186,Michelle Moss,"179 Chan Canyon Apt. 506
Jenniferbury, VA 51604",qwhite@carroll-tucker.biz
187,Francis Phillips,"95827 Rose Manor Suite 915
West Jeremymouth, NE 71428",albert68@yahoo.com
188,Kristy Casey,"977 Tyler Estates
Alexanderfurt, KY 37946",jamesmiller@gmail.com
189,Shawn Day,"8363 Krystal Manors Suite 295
North Monica, WI 80822",rfrancis@yahoo.com
190,Francisco Bush,"9226 Mills Shoals Suite 495
North Michaelfort, AZ 19043",dawn80@gmail.com
191,Dennis Patterson,"0119 Conley Road
Jameston, SD 41358",dnunez@sanchez.com
192,Mario Sparks,"02464 Justin Manor
New Kristin, HI 15921",xchambers@smith.com
193,Lisa Jones,"93227 Burke Lodge Apt. 234
Barnesbury, NH 53854",juliagarcia@gmail.com
194,Karen Butler,"8434 Hernandez Cape Suite 549
Justinmouth, MD 43898",ejones@logan-dean.net
195,Brad Williams,"6008 Levine Lock Apt. 573
Lake Adrienneville, IL 12947",guy26@gmail.com
196,Rachel Diaz,"9710 Ann Orchard Suite 173
Andreville, DC 01630",ahawkins@freeman.com
197,Brittany Johnson,"33868 Stevenson Drive Apt. 170
Port Wendy, KS 59373",ochandler@graham.biz
198,Carrie Garcia,"871 White Grove
South Anna, TN 60183",handerson@gmail.com
199,Jonathan Simmons,"847 Craig Lodge Apt. 496
North Thomaston, HI 15133",rosstina@gmail.com
200,James Perez,"738 Matthew Prairie
New Melissafort, WA 96505",ryanlee@gmail.com
